{
  "accuracy": 0.7786,
  "exact_match": 0.8178,
  "bleu": 0.029534195013617124,
  "meteor": 0.8479026370793298,
  "rouge_l": 0.8455005855386838,
  "f1": 0.8458779431483945,
  "substring_precision": 0.8418,
  "substring_recall": 0.8466,
  "llm_similarity": 0.8605967186147186,
  "num_samples": 5000,
  "per_category": {
    "brand": {
      "count": 589,
      "accuracy": 0.821165817770232,
      "exact_match": 0.8590831918505942
    },
    "text": {
      "count": 379,
      "accuracy": 0.7176781002638523,
      "exact_match": 0.7598944591029023
    },
    "other": {
      "count": 2142,
      "accuracy": 0.7611266728913788,
      "exact_match": 0.8095238095238095
    },
    "number": {
      "count": 905,
      "accuracy": 0.8191528545119706,
      "exact_match": 0.8497237569060774
    },
    "time": {
      "count": 197,
      "accuracy": 0.4382402707275804,
      "exact_match": 0.467005076142132
    },
    "person": {
      "count": 294,
      "accuracy": 0.7891156462585034,
      "exact_match": 0.826530612244898
    },
    "yes_no": {
      "count": 266,
      "accuracy": 0.9348370927318296,
      "exact_match": 0.9473684210526315
    },
    "color": {
      "count": 39,
      "accuracy": 0.8461538461538461,
      "exact_match": 0.8461538461538461
    },
    "location": {
      "count": 189,
      "accuracy": 0.8765432098765433,
      "exact_match": 0.91005291005291
    }
  }
}