{
  "accuracy": 0.7494,
  "exact_match": 0.7926,
  "bleu": 0.029748649676710506,
  "meteor": 0.8339674658544074,
  "rouge_l": 0.8301391998278186,
  "f1": 0.8305832731662449,
  "substring_precision": 0.8272,
  "substring_recall": 0.8318,
  "llm_similarity": 0.8503873606647591,
  "num_samples": 5000,
  "per_category": {
    "brand": {
      "count": 589,
      "accuracy": 0.8098471986417657,
      "exact_match": 0.8522920203735145
    },
    "text": {
      "count": 379,
      "accuracy": 0.7141600703605981,
      "exact_match": 0.7651715039577837
    },
    "other": {
      "count": 2142,
      "accuracy": 0.7189542483660131,
      "exact_match": 0.7721755368814193
    },
    "number": {
      "count": 905,
      "accuracy": 0.7981583793738489,
      "exact_match": 0.8331491712707182
    },
    "time": {
      "count": 197,
      "accuracy": 0.45685279187817257,
      "exact_match": 0.49238578680203043
    },
    "person": {
      "count": 294,
      "accuracy": 0.7675736961451248,
      "exact_match": 0.7959183673469388
    },
    "yes_no": {
      "count": 266,
      "accuracy": 0.8746867167919801,
      "exact_match": 0.8872180451127819
    },
    "color": {
      "count": 39,
      "accuracy": 0.811965811965812,
      "exact_match": 0.8461538461538461
    },
    "location": {
      "count": 189,
      "accuracy": 0.8306878306878307,
      "exact_match": 0.8624338624338624
    }
  }
}